{
  "win_rates": {
    "bn": {
      "explicit": 0.20277777777777778,
      "implicit": 0.008333333333333333,
      "steering": 0.14166666666666666
    },
    "ru": {
      "explicit": 0.2,
      "implicit": 0.013888888888888888,
      "steering": 0.06388888888888888
    },
    "fr": {
      "explicit": 0.16944444444444445,
      "implicit": 0.022222222222222223,
      "steering": 0.26944444444444443
    },
    "en": {
      "explicit": 0.044444444444444446,
      "implicit": 0.11666666666666667,
      "steering": 0.3861111111111111
    },
    "de": {
      "explicit": 0.1,
      "implicit": 0.025
    },
    "tr": {
      "explicit": 0.22777777777777777,
      "implicit": 0.011111111111111112,
      "steering": 0.10833333333333334
    }
  },
  "confidence_intervals": {
    "bn": {
      "explicit": [
        0.1610416666666667,
        0.24166666666666667
      ],
      "implicit": [
        0.0,
        0.019444444444444445
      ],
      "steering": [
        0.1082638888888889,
        0.18062499999999992
      ]
    },
    "ru": {
      "explicit": [
        0.16111111111111112,
        0.24166666666666667
      ],
      "implicit": [
        0.002777777777777778,
        0.027777777777777776
      ],
      "steering": [
        0.041666666666666664,
        0.09166666666666666
      ]
    },
    "fr": {
      "explicit": [
        0.13333333333333333,
        0.2111111111111111
      ],
      "implicit": [
        0.008333333333333333,
        0.03895833333333327
      ],
      "steering": [
        0.225,
        0.31666666666666665
      ]
    },
    "en": {
      "explicit": [
        0.025,
        0.06944444444444445
      ],
      "implicit": [
        0.08333333333333333,
        0.1527777777777778
      ],
      "steering": [
        0.3415972222222222,
        0.4361111111111111
      ]
    },
    "de": {
      "explicit": [
        0.06944444444444445,
        0.13333333333333333
      ],
      "implicit": [
        0.011111111111111112,
        0.04173611111111104
      ]
    },
    "tr": {
      "explicit": [
        0.18611111111111112,
        0.26944444444444443
      ],
      "implicit": [
        0.002777777777777778,
        0.022222222222222223
      ],
      "steering": [
        0.075,
        0.1388888888888889
      ]
    }
  },
  "counts": {
    "bn": {
      "explicit_wins": 73,
      "implicit_wins": 3,
      "ties_impl_expl": 284,
      "explicit_wins_vs_steering": 34,
      "steering_wins": 51,
      "ties_steer_expl": 275
    },
    "ru": {
      "explicit_wins": 72,
      "implicit_wins": 5,
      "ties_impl_expl": 283,
      "explicit_wins_vs_steering": 42,
      "steering_wins": 23,
      "ties_steer_expl": 295
    },
    "fr": {
      "explicit_wins": 61,
      "implicit_wins": 8,
      "ties_impl_expl": 291,
      "explicit_wins_vs_steering": 33,
      "steering_wins": 97,
      "ties_steer_expl": 230
    },
    "en": {
      "explicit_wins": 16,
      "implicit_wins": 42,
      "ties_impl_expl": 302,
      "explicit_wins_vs_steering": 11,
      "steering_wins": 139,
      "ties_steer_expl": 210
    },
    "de": {
      "explicit_wins": 36,
      "implicit_wins": 9,
      "ties_impl_expl": 315
    },
    "tr": {
      "explicit_wins": 82,
      "implicit_wins": 4,
      "ties_impl_expl": 274,
      "explicit_wins_vs_steering": 46,
      "steering_wins": 39,
      "ties_steer_expl": 275
    }
  }
}