{
  "win_rates": {
    "bn": {
      "explicit": 0.14444444444444443,
      "implicit": 0.002777777777777778
    },
    "ru": {
      "explicit": 0.09166666666666666,
      "implicit": 0.002777777777777778
    },
    "fr": {
      "explicit": 0.12222222222222222,
      "implicit": 0.013888888888888888
    },
    "en": {
      "explicit": 0.19166666666666668,
      "implicit": 0.008333333333333333
    },
    "de": {
      "explicit": 0.013888888888888888,
      "implicit": 0.005555555555555556
    },
    "tr": {
      "explicit": 0.10833333333333334,
      "implicit": 0.002777777777777778
    }
  },
  "confidence_intervals": {
    "bn": {
      "explicit": [
        0.10833333333333334,
        0.18333333333333332
      ],
      "implicit": [
        0.0,
        0.008333333333333333
      ]
    },
    "ru": {
      "explicit": [
        0.06388888888888888,
        0.12222222222222222
      ],
      "implicit": [
        0.0,
        0.008333333333333333
      ]
    },
    "fr": {
      "explicit": [
        0.09166666666666666,
        0.15833333333333333
      ],
      "implicit": [
        0.002777777777777778,
        0.025
      ]
    },
    "en": {
      "explicit": [
        0.14722222222222223,
        0.23055555555555557
      ],
      "implicit": [
        0.0,
        0.019444444444444445
      ]
    },
    "de": {
      "explicit": [
        0.002777777777777778,
        0.025069444444444384
      ],
      "implicit": [
        0.0,
        0.013888888888888888
      ]
    },
    "tr": {
      "explicit": [
        0.07770833333333334,
        0.14166666666666666
      ],
      "implicit": [
        0.0,
        0.008402777777777714
      ]
    }
  },
  "counts": {
    "bn": {
      "explicit_wins": 52,
      "implicit_wins": 1,
      "ties_impl_expl": 307
    },
    "ru": {
      "explicit_wins": 33,
      "implicit_wins": 1,
      "ties_impl_expl": 326
    },
    "fr": {
      "explicit_wins": 44,
      "implicit_wins": 5,
      "ties_impl_expl": 311
    },
    "en": {
      "explicit_wins": 69,
      "implicit_wins": 3,
      "ties_impl_expl": 288
    },
    "de": {
      "explicit_wins": 5,
      "implicit_wins": 2,
      "ties_impl_expl": 353
    },
    "tr": {
      "explicit_wins": 39,
      "implicit_wins": 1,
      "ties_impl_expl": 320
    }
  }
}