{
  "win_rates": {
    "bn": {
      "explicit": 0.09722222222222222,
      "implicit": 0.002777777777777778
    },
    "ru": {
      "explicit": 0.14444444444444443,
      "implicit": 0.041666666666666664
    },
    "fr": {
      "explicit": 0.11944444444444445,
      "implicit": 0.002777777777777778
    },
    "en": {
      "explicit": 0.20833333333333334,
      "implicit": 0.03333333333333333
    },
    "de": {
      "explicit": 0.058333333333333334,
      "implicit": 0.027777777777777776
    },
    "tr": {
      "explicit": 0.14722222222222223,
      "implicit": 0.06388888888888888
    }
  },
  "confidence_intervals": {
    "bn": {
      "explicit": [
        0.06944444444444445,
        0.13055555555555556
      ],
      "implicit": [
        0.0,
        0.011111111111111112
      ]
    },
    "ru": {
      "explicit": [
        0.1111111111111111,
        0.18055555555555555
      ],
      "implicit": [
        0.022222222222222223,
        0.06111111111111111
      ]
    },
    "fr": {
      "explicit": [
        0.08611111111111111,
        0.15555555555555556
      ],
      "implicit": [
        0.0,
        0.008333333333333333
      ]
    },
    "en": {
      "explicit": [
        0.16944444444444445,
        0.25
      ],
      "implicit": [
        0.016666666666666666,
        0.05277777777777778
      ]
    },
    "de": {
      "explicit": [
        0.03611111111111111,
        0.08333333333333333
      ],
      "implicit": [
        0.011111111111111112,
        0.044513888888888825
      ]
    },
    "tr": {
      "explicit": [
        0.1111111111111111,
        0.18333333333333332
      ],
      "implicit": [
        0.03888888888888889,
        0.08895833333333328
      ]
    }
  },
  "counts": {
    "bn": {
      "explicit_wins": 35,
      "implicit_wins": 1,
      "ties_impl_expl": 324
    },
    "ru": {
      "explicit_wins": 52,
      "implicit_wins": 15,
      "ties_impl_expl": 293
    },
    "fr": {
      "explicit_wins": 43,
      "implicit_wins": 1,
      "ties_impl_expl": 316
    },
    "en": {
      "explicit_wins": 75,
      "implicit_wins": 12,
      "ties_impl_expl": 273
    },
    "de": {
      "explicit_wins": 21,
      "implicit_wins": 10,
      "ties_impl_expl": 329
    },
    "tr": {
      "explicit_wins": 53,
      "implicit_wins": 23,
      "ties_impl_expl": 284
    }
  }
}