{
  "win_rates": {
    "de": {
      "explicit": 0.6666666666666666,
      "implicit": 0.3333333333333333
    },
    "tr": {
      "explicit": 0.0,
      "implicit": 1.0
    },
    "ru": {
      "explicit": 0.1111111111111111,
      "implicit": 0.8888888888888888
    },
    "fr": {
      "explicit": 0.5833333333333334,
      "implicit": 0.3541666666666667
    },
    "bn": {
      "explicit": 1.0,
      "implicit": 0.0
    },
    "en": {
      "explicit": 0.3310344827586207,
      "implicit": 0.041379310344827586
    }
  },
  "confidence_intervals": {
    "de": {
      "explicit": [
        0.0,
        1.0
      ],
      "implicit": [
        0.0,
        0.6666666666666666
      ]
    },
    "tr": {
      "explicit": [
        0.0,
        0.0
      ],
      "implicit": [
        1.0,
        1.0
      ]
    },
    "ru": {
      "explicit": [
        0.0,
        0.3333333333333333
      ],
      "implicit": [
        0.6666666666666666,
        1.0
      ]
    },
    "fr": {
      "explicit": [
        0.4375,
        0.7088541666666662
      ],
      "implicit": [
        0.22916666666666666,
        0.4791666666666667
      ]
    },
    "bn": {
      "explicit": [
        1.0,
        1.0
      ],
      "implicit": [
        0.0,
        0.0
      ]
    },
    "en": {
      "explicit": [
        0.25517241379310346,
        0.41379310344827586
      ],
      "implicit": [
        0.013793103448275862,
        0.07586206896551724
      ]
    }
  },
  "counts": {
    "de": {
      "explicit_wins": 2,
      "implicit_wins": 1,
      "ties_impl_expl": 0,
      "neither_impl_expl": 357
    },
    "tr": {
      "explicit_wins": 0,
      "implicit_wins": 1,
      "ties_impl_expl": 0,
      "neither_impl_expl": 359
    },
    "ru": {
      "explicit_wins": 1,
      "implicit_wins": 8,
      "ties_impl_expl": 0,
      "neither_impl_expl": 351
    },
    "fr": {
      "explicit_wins": 28,
      "implicit_wins": 17,
      "ties_impl_expl": 3,
      "neither_impl_expl": 312
    },
    "bn": {
      "explicit_wins": 3,
      "implicit_wins": 0,
      "ties_impl_expl": 0,
      "neither_impl_expl": 357
    },
    "en": {
      "explicit_wins": 48,
      "implicit_wins": 6,
      "ties_impl_expl": 91,
      "neither_impl_expl": 215
    }
  }
}