{
  "win_rates": {
    "de": {
      "explicit": 0.4782608695652174,
      "implicit": 0.1956521739130435
    },
    "tr": {
      "explicit": 0.855072463768116,
      "implicit": 0.057971014492753624
    },
    "ru": {
      "explicit": 0.8461538461538461,
      "implicit": 0.15384615384615385
    },
    "fr": {
      "explicit": 0.726027397260274,
      "implicit": 0.2328767123287671
    },
    "bn": {
      "explicit": 0.7428571428571429,
      "implicit": 0.11428571428571428
    },
    "en": {
      "explicit": 0.9122807017543859,
      "implicit": 0.05263157894736842
    }
  },
  "confidence_intervals": {
    "de": {
      "explicit": [
        0.34782608695652173,
        0.6304347826086957
      ],
      "implicit": [
        0.08695652173913043,
        0.30434782608695654
      ]
    },
    "tr": {
      "explicit": [
        0.7681159420289855,
        0.927536231884058
      ],
      "implicit": [
        0.014492753623188406,
        0.11594202898550725
      ]
    },
    "ru": {
      "explicit": [
        0.75,
        0.9423076923076923
      ],
      "implicit": [
        0.057692307692307696,
        0.25
      ]
    },
    "fr": {
      "explicit": [
        0.6297945205479452,
        0.821917808219178
      ],
      "implicit": [
        0.136986301369863,
        0.3424657534246575
      ]
    },
    "bn": {
      "explicit": [
        0.6428571428571429,
        0.8428571428571429
      ],
      "implicit": [
        0.04285714285714286,
        0.2
      ]
    },
    "en": {
      "explicit": [
        0.8596491228070176,
        0.956140350877193
      ],
      "implicit": [
        0.017543859649122806,
        0.09649122807017543
      ]
    }
  },
  "counts": {
    "de": {
      "explicit_wins": 22,
      "implicit_wins": 9,
      "ties_impl_expl": 15,
      "neither_impl_expl": 314
    },
    "tr": {
      "explicit_wins": 59,
      "implicit_wins": 4,
      "ties_impl_expl": 6,
      "neither_impl_expl": 291
    },
    "ru": {
      "explicit_wins": 44,
      "implicit_wins": 8,
      "ties_impl_expl": 0,
      "neither_impl_expl": 308
    },
    "fr": {
      "explicit_wins": 53,
      "implicit_wins": 17,
      "ties_impl_expl": 3,
      "neither_impl_expl": 287
    },
    "bn": {
      "explicit_wins": 52,
      "implicit_wins": 8,
      "ties_impl_expl": 10,
      "neither_impl_expl": 290
    },
    "en": {
      "explicit_wins": 104,
      "implicit_wins": 6,
      "ties_impl_expl": 4,
      "neither_impl_expl": 246
    }
  }
}