{
  "win_rates": {
    "de": {
      "explicit": 0.225,
      "implicit": 0.075
    },
    "tr": {
      "explicit": 0.9836065573770492,
      "implicit": 0.0
    },
    "ru": {
      "explicit": 0.9807692307692307,
      "implicit": 0.0
    },
    "fr": {
      "explicit": 0.9298245614035088,
      "implicit": 0.03508771929824561
    },
    "bn": {
      "explicit": 0.9487179487179487,
      "implicit": 0.0
    },
    "en": {
      "explicit": 0.9405940594059405,
      "implicit": 0.04950495049504951
    }
  },
  "confidence_intervals": {
    "de": {
      "explicit": [
        0.1,
        0.375
      ],
      "implicit": [
        0.0,
        0.15
      ]
    },
    "tr": {
      "explicit": [
        0.9508196721311475,
        1.0
      ],
      "implicit": [
        0.0,
        0.0
      ]
    },
    "ru": {
      "explicit": [
        0.9423076923076923,
        1.0
      ],
      "implicit": [
        0.0,
        0.0
      ]
    },
    "fr": {
      "explicit": [
        0.8596491228070176,
        0.9824561403508771
      ],
      "implicit": [
        0.0,
        0.08771929824561403
      ]
    },
    "bn": {
      "explicit": [
        0.8717948717948718,
        1.0
      ],
      "implicit": [
        0.0,
        0.0
      ]
    },
    "en": {
      "explicit": [
        0.8910891089108911,
        0.9801980198019802
      ],
      "implicit": [
        0.009900990099009901,
        0.0891089108910891
      ]
    }
  },
  "counts": {
    "de": {
      "explicit_wins": 9,
      "implicit_wins": 3,
      "ties_impl_expl": 28,
      "neither_impl_expl": 320
    },
    "tr": {
      "explicit_wins": 60,
      "implicit_wins": 0,
      "ties_impl_expl": 1,
      "neither_impl_expl": 299
    },
    "ru": {
      "explicit_wins": 51,
      "implicit_wins": 0,
      "ties_impl_expl": 1,
      "neither_impl_expl": 308
    },
    "fr": {
      "explicit_wins": 53,
      "implicit_wins": 2,
      "ties_impl_expl": 2,
      "neither_impl_expl": 303
    },
    "bn": {
      "explicit_wins": 37,
      "implicit_wins": 0,
      "ties_impl_expl": 2,
      "neither_impl_expl": 321
    },
    "en": {
      "explicit_wins": 95,
      "implicit_wins": 5,
      "ties_impl_expl": 1,
      "neither_impl_expl": 259
    }
  }
}