{
  "win_rates": {
    "bn": {
      "explicit": 0.21944444444444444,
      "implicit": 0.125,
      "steering": 0.44722222222222224
    },
    "ru": {
      "explicit": 0.19444444444444445,
      "implicit": 0.06666666666666667,
      "steering": 0.21944444444444444
    },
    "fr": {
      "explicit": 0.16666666666666666,
      "implicit": 0.03611111111111111,
      "steering": 0.28888888888888886
    },
    "en": {
      "explicit": 0.013888888888888888,
      "implicit": 0.26944444444444443,
      "steering": 0.48333333333333334
    },
    "de": {
      "explicit": 0.05,
      "implicit": 0.041666666666666664
    },
    "tr": {
      "explicit": 0.3055555555555556,
      "implicit": 0.06111111111111111,
      "steering": 0.24444444444444444
    }
  },
  "confidence_intervals": {
    "bn": {
      "explicit": [
        0.18055555555555555,
        0.2638888888888889
      ],
      "implicit": [
        0.09166666666666666,
        0.15562499999999993
      ],
      "steering": [
        0.4,
        0.5055555555555555
      ]
    },
    "ru": {
      "explicit": [
        0.15555555555555556,
        0.2361111111111111
      ],
      "implicit": [
        0.041666666666666664,
        0.09444444444444444
      ],
      "steering": [
        0.18055555555555555,
        0.26673611111111106
      ]
    },
    "fr": {
      "explicit": [
        0.13055555555555556,
        0.20277777777777778
      ],
      "implicit": [
        0.016666666666666666,
        0.05555555555555555
      ],
      "steering": [
        0.24444444444444444,
        0.33618055555555554
      ]
    },
    "en": {
      "explicit": [
        0.002777777777777778,
        0.027777777777777776
      ],
      "implicit": [
        0.22777777777777777,
        0.3111805555555555
      ],
      "steering": [
        0.4305555555555556,
        0.5361111111111111
      ]
    },
    "de": {
      "explicit": [
        0.027777777777777776,
        0.075
      ],
      "implicit": [
        0.022222222222222223,
        0.06111111111111111
      ]
    },
    "tr": {
      "explicit": [
        0.2611111111111111,
        0.35562499999999997
      ],
      "implicit": [
        0.03611111111111111,
        0.08611111111111111
      ],
      "steering": [
        0.19444444444444445,
        0.28888888888888886
      ]
    }
  },
  "counts": {
    "bn": {
      "explicit_wins": 79,
      "implicit_wins": 45,
      "ties_impl_expl": 236,
      "explicit_wins_vs_steering": 29,
      "steering_wins": 161,
      "ties_steer_expl": 170
    },
    "ru": {
      "explicit_wins": 70,
      "implicit_wins": 24,
      "ties_impl_expl": 266,
      "explicit_wins_vs_steering": 32,
      "steering_wins": 79,
      "ties_steer_expl": 249
    },
    "fr": {
      "explicit_wins": 60,
      "implicit_wins": 13,
      "ties_impl_expl": 287,
      "explicit_wins_vs_steering": 32,
      "steering_wins": 104,
      "ties_steer_expl": 224
    },
    "en": {
      "explicit_wins": 5,
      "implicit_wins": 97,
      "ties_impl_expl": 258,
      "explicit_wins_vs_steering": 2,
      "steering_wins": 174,
      "ties_steer_expl": 184
    },
    "de": {
      "explicit_wins": 18,
      "implicit_wins": 15,
      "ties_impl_expl": 327
    },
    "tr": {
      "explicit_wins": 110,
      "implicit_wins": 22,
      "ties_impl_expl": 228,
      "explicit_wins_vs_steering": 62,
      "steering_wins": 88,
      "ties_steer_expl": 210
    }
  }
}