{
  "win_rates": {
    "bn": {
      "explicit": 0.1111111111111111,
      "implicit": 0.013888888888888888
    },
    "ru": {
      "explicit": 0.12222222222222222,
      "implicit": 0.05
    },
    "fr": {
      "explicit": 0.18055555555555555,
      "implicit": 0.030555555555555555
    },
    "en": {
      "explicit": 0.3111111111111111,
      "implicit": 0.019444444444444445
    },
    "de": {
      "explicit": 0.1111111111111111,
      "implicit": 0.05
    },
    "tr": {
      "explicit": 0.05,
      "implicit": 0.008333333333333333
    }
  },
  "confidence_intervals": {
    "bn": {
      "explicit": [
        0.08055555555555556,
        0.1445138888888888
      ],
      "implicit": [
        0.002777777777777778,
        0.027777777777777776
      ]
    },
    "ru": {
      "explicit": [
        0.08888888888888889,
        0.1527777777777778
      ],
      "implicit": [
        0.027777777777777776,
        0.07222222222222222
      ]
    },
    "fr": {
      "explicit": [
        0.14166666666666666,
        0.21944444444444444
      ],
      "implicit": [
        0.013888888888888888,
        0.05
      ]
    },
    "en": {
      "explicit": [
        0.26381944444444444,
        0.35833333333333334
      ],
      "implicit": [
        0.005555555555555556,
        0.03333333333333333
      ]
    },
    "de": {
      "explicit": [
        0.08055555555555556,
        0.14444444444444443
      ],
      "implicit": [
        0.030555555555555555,
        0.07222222222222222
      ]
    },
    "tr": {
      "explicit": [
        0.027777777777777776,
        0.07222222222222222
      ],
      "implicit": [
        0.0,
        0.019444444444444445
      ]
    }
  },
  "counts": {
    "bn": {
      "explicit_wins": 40,
      "implicit_wins": 5,
      "ties_impl_expl": 315
    },
    "ru": {
      "explicit_wins": 44,
      "implicit_wins": 18,
      "ties_impl_expl": 298
    },
    "fr": {
      "explicit_wins": 65,
      "implicit_wins": 11,
      "ties_impl_expl": 284
    },
    "en": {
      "explicit_wins": 112,
      "implicit_wins": 7,
      "ties_impl_expl": 241
    },
    "de": {
      "explicit_wins": 40,
      "implicit_wins": 18,
      "ties_impl_expl": 302
    },
    "tr": {
      "explicit_wins": 18,
      "implicit_wins": 3,
      "ties_impl_expl": 339
    }
  }
}