{
  "win_rates": {
    "de": {
      "explicit": 0.7222222222222222,
      "implicit": 0.05555555555555555
    },
    "tr": {
      "explicit": 0.0,
      "implicit": 0.0
    },
    "ru": {
      "explicit": 0.75,
      "implicit": 0.25
    },
    "fr": {
      "explicit": 0.9444444444444444,
      "implicit": 0.027777777777777776
    },
    "bn": {
      "explicit": 0.3333333333333333,
      "implicit": 0.3333333333333333
    },
    "en": {
      "explicit": 0.8985507246376812,
      "implicit": 0.043478260869565216
    }
  },
  "confidence_intervals": {
    "de": {
      "explicit": [
        0.5,
        0.8888888888888888
      ],
      "implicit": [
        0.0,
        0.16666666666666666
      ]
    },
    "tr": {
      "explicit": [
        0.0,
        0.0
      ],
      "implicit": [
        0.0,
        0.0
      ]
    },
    "ru": {
      "explicit": [
        0.5,
        1.0
      ],
      "implicit": [
        0.0,
        0.625
      ]
    },
    "fr": {
      "explicit": [
        0.8611111111111112,
        1.0
      ],
      "implicit": [
        0.0,
        0.08333333333333333
      ]
    },
    "bn": {
      "explicit": [
        0.0,
        1.0
      ],
      "implicit": [
        0.0,
        1.0
      ]
    },
    "en": {
      "explicit": [
        0.8260869565217391,
        0.9710144927536232
      ],
      "implicit": [
        0.0,
        0.08695652173913043
      ]
    }
  },
  "counts": {
    "de": {
      "explicit_wins": 13,
      "implicit_wins": 1,
      "ties_impl_expl": 4,
      "neither_impl_expl": 342
    },
    "tr": {
      "explicit_wins": 0,
      "implicit_wins": 0,
      "ties_impl_expl": 0,
      "neither_impl_expl": 360
    },
    "ru": {
      "explicit_wins": 6,
      "implicit_wins": 2,
      "ties_impl_expl": 0,
      "neither_impl_expl": 352
    },
    "fr": {
      "explicit_wins": 34,
      "implicit_wins": 1,
      "ties_impl_expl": 1,
      "neither_impl_expl": 324
    },
    "bn": {
      "explicit_wins": 1,
      "implicit_wins": 1,
      "ties_impl_expl": 1,
      "neither_impl_expl": 357
    },
    "en": {
      "explicit_wins": 62,
      "implicit_wins": 3,
      "ties_impl_expl": 4,
      "neither_impl_expl": 291
    }
  }
}