{
  "win_rates": {
    "de": {
      "explicit": 0.1111111111111111,
      "implicit": 0.037037037037037035
    },
    "tr": {
      "explicit": 0.43846153846153846,
      "implicit": 0.03076923076923077
    },
    "ru": {
      "explicit": 0.2318840579710145,
      "implicit": 0.036231884057971016
    },
    "fr": {
      "explicit": 0.28431372549019607,
      "implicit": 0.00980392156862745
    },
    "bn": {
      "explicit": 0.39344262295081966,
      "implicit": 0.060109289617486336
    },
    "en": {
      "explicit": 0.34444444444444444,
      "implicit": 0.027777777777777776
    }
  },
  "confidence_intervals": {
    "de": {
      "explicit": [
        0.0,
        0.2222222222222222
      ],
      "implicit": [
        0.0,
        0.1111111111111111
      ]
    },
    "tr": {
      "explicit": [
        0.35384615384615387,
        0.5153846153846153
      ],
      "implicit": [
        0.007692307692307693,
        0.06153846153846154
      ]
    },
    "ru": {
      "explicit": [
        0.16666666666666666,
        0.30434782608695654
      ],
      "implicit": [
        0.007246376811594203,
        0.07246376811594203
      ]
    },
    "fr": {
      "explicit": [
        0.19607843137254902,
        0.38235294117647056
      ],
      "implicit": [
        0.0,
        0.029411764705882353
      ]
    },
    "bn": {
      "explicit": [
        0.32773224043715843,
        0.4644808743169399
      ],
      "implicit": [
        0.0273224043715847,
        0.09836065573770492
      ]
    },
    "en": {
      "explicit": [
        0.2777777777777778,
        0.4166666666666667
      ],
      "implicit": [
        0.005555555555555556,
        0.05555555555555555
      ]
    }
  },
  "counts": {
    "de": {
      "explicit_wins": 3,
      "implicit_wins": 1,
      "ties_impl_expl": 23,
      "neither_impl_expl": 333
    },
    "tr": {
      "explicit_wins": 57,
      "implicit_wins": 4,
      "ties_impl_expl": 69,
      "neither_impl_expl": 230
    },
    "ru": {
      "explicit_wins": 32,
      "implicit_wins": 5,
      "ties_impl_expl": 101,
      "neither_impl_expl": 222
    },
    "fr": {
      "explicit_wins": 29,
      "implicit_wins": 1,
      "ties_impl_expl": 72,
      "neither_impl_expl": 258
    },
    "bn": {
      "explicit_wins": 72,
      "implicit_wins": 11,
      "ties_impl_expl": 100,
      "neither_impl_expl": 177
    },
    "en": {
      "explicit_wins": 62,
      "implicit_wins": 5,
      "ties_impl_expl": 113,
      "neither_impl_expl": 180
    }
  }
}