{
  "win_rates": {
    "bn": {
      "explicit": 0.125,
      "implicit": 0.011111111111111112,
      "steering": 0.11388888888888889
    },
    "ru": {
      "explicit": 0.15833333333333333,
      "implicit": 0.008333333333333333,
      "steering": 0.08888888888888889
    },
    "fr": {
      "explicit": 0.19166666666666668,
      "implicit": 0.005555555555555556,
      "steering": 0.26666666666666666
    },
    "en": {
      "explicit": 0.4027777777777778,
      "implicit": 0.008333333333333333,
      "steering": 0.15555555555555556
    },
    "de": {
      "explicit": 0.07777777777777778,
      "implicit": 0.022222222222222223
    },
    "tr": {
      "explicit": 0.2222222222222222,
      "implicit": 0.002777777777777778,
      "steering": 0.10277777777777777
    }
  },
  "confidence_intervals": {
    "bn": {
      "explicit": [
        0.09166666666666666,
        0.15833333333333333
      ],
      "implicit": [
        0.002777777777777778,
        0.022291666666666606
      ],
      "steering": [
        0.08055555555555556,
        0.1445138888888888
      ]
    },
    "ru": {
      "explicit": [
        0.12215277777777778,
        0.2
      ],
      "implicit": [
        0.0,
        0.01673611111111105
      ],
      "steering": [
        0.06111111111111111,
        0.11951388888888884
      ]
    },
    "fr": {
      "explicit": [
        0.15,
        0.2361111111111111
      ],
      "implicit": [
        0.0,
        0.013888888888888888
      ],
      "steering": [
        0.225,
        0.3138888888888889
      ]
    },
    "en": {
      "explicit": [
        0.3554861111111111,
        0.4583333333333333
      ],
      "implicit": [
        0.0,
        0.019444444444444445
      ],
      "steering": [
        0.11666666666666667,
        0.19451388888888882
      ]
    },
    "de": {
      "explicit": [
        0.05277777777777778,
        0.10555555555555556
      ],
      "implicit": [
        0.008333333333333333,
        0.03888888888888889
      ]
    },
    "tr": {
      "explicit": [
        0.18055555555555555,
        0.2638888888888889
      ],
      "implicit": [
        0.0,
        0.008333333333333333
      ],
      "steering": [
        0.075,
        0.13333333333333333
      ]
    }
  },
  "counts": {
    "bn": {
      "explicit_wins": 45,
      "implicit_wins": 4,
      "ties_impl_expl": 311,
      "explicit_wins_vs_steering": 36,
      "steering_wins": 41,
      "ties_steer_expl": 283
    },
    "ru": {
      "explicit_wins": 57,
      "implicit_wins": 3,
      "ties_impl_expl": 300,
      "explicit_wins_vs_steering": 43,
      "steering_wins": 32,
      "ties_steer_expl": 285
    },
    "fr": {
      "explicit_wins": 69,
      "implicit_wins": 2,
      "ties_impl_expl": 289,
      "explicit_wins_vs_steering": 28,
      "steering_wins": 96,
      "ties_steer_expl": 236
    },
    "en": {
      "explicit_wins": 145,
      "implicit_wins": 3,
      "ties_impl_expl": 212,
      "explicit_wins_vs_steering": 77,
      "steering_wins": 56,
      "ties_steer_expl": 227
    },
    "de": {
      "explicit_wins": 28,
      "implicit_wins": 8,
      "ties_impl_expl": 324
    },
    "tr": {
      "explicit_wins": 80,
      "implicit_wins": 1,
      "ties_impl_expl": 279,
      "explicit_wins_vs_steering": 50,
      "steering_wins": 37,
      "ties_steer_expl": 273
    }
  }
}