{
  "win_rates": {
    "bn": {
      "explicit": 0.18333333333333332,
      "implicit": 0.11666666666666667,
      "steering": 0.45555555555555555
    },
    "ru": {
      "explicit": 0.20555555555555555,
      "implicit": 0.08333333333333333,
      "steering": 0.25
    },
    "fr": {
      "explicit": 0.16944444444444445,
      "implicit": 0.030555555555555555,
      "steering": 0.3055555555555556
    },
    "en": {
      "explicit": 0.14722222222222223,
      "implicit": 0.03888888888888889,
      "steering": 0.1638888888888889
    },
    "de": {
      "explicit": 0.08055555555555556,
      "implicit": 0.05
    },
    "tr": {
      "explicit": 0.26666666666666666,
      "implicit": 0.08333333333333333,
      "steering": 0.2
    }
  },
  "confidence_intervals": {
    "bn": {
      "explicit": [
        0.1471527777777778,
        0.22777777777777777
      ],
      "implicit": [
        0.08611111111111111,
        0.1527777777777778
      ],
      "steering": [
        0.4027777777777778,
        0.5028472222222221
      ]
    },
    "ru": {
      "explicit": [
        0.16659722222222223,
        0.24722222222222223
      ],
      "implicit": [
        0.058333333333333334,
        0.11388888888888889
      ],
      "steering": [
        0.20548611111111112,
        0.2972222222222222
      ]
    },
    "fr": {
      "explicit": [
        0.13055555555555556,
        0.20840277777777771
      ],
      "implicit": [
        0.013888888888888888,
        0.05
      ],
      "steering": [
        0.25833333333333336,
        0.35562499999999997
      ]
    },
    "en": {
      "explicit": [
        0.1111111111111111,
        0.1834027777777777
      ],
      "implicit": [
        0.022222222222222223,
        0.058333333333333334
      ],
      "steering": [
        0.125,
        0.20277777777777778
      ]
    },
    "de": {
      "explicit": [
        0.05277777777777778,
        0.1111111111111111
      ],
      "implicit": [
        0.030486111111111113,
        0.07222222222222222
      ]
    },
    "tr": {
      "explicit": [
        0.2222222222222222,
        0.3138888888888889
      ],
      "implicit": [
        0.058333333333333334,
        0.11388888888888889
      ],
      "steering": [
        0.1638888888888889,
        0.24166666666666667
      ]
    }
  },
  "counts": {
    "bn": {
      "explicit_wins": 66,
      "implicit_wins": 42,
      "ties_impl_expl": 252,
      "explicit_wins_vs_steering": 33,
      "steering_wins": 164,
      "ties_steer_expl": 163
    },
    "ru": {
      "explicit_wins": 74,
      "implicit_wins": 30,
      "ties_impl_expl": 256,
      "explicit_wins_vs_steering": 35,
      "steering_wins": 90,
      "ties_steer_expl": 235
    },
    "fr": {
      "explicit_wins": 61,
      "implicit_wins": 11,
      "ties_impl_expl": 288,
      "explicit_wins_vs_steering": 32,
      "steering_wins": 110,
      "ties_steer_expl": 218
    },
    "en": {
      "explicit_wins": 53,
      "implicit_wins": 14,
      "ties_impl_expl": 293,
      "explicit_wins_vs_steering": 22,
      "steering_wins": 59,
      "ties_steer_expl": 279
    },
    "de": {
      "explicit_wins": 29,
      "implicit_wins": 18,
      "ties_impl_expl": 313
    },
    "tr": {
      "explicit_wins": 96,
      "implicit_wins": 30,
      "ties_impl_expl": 234,
      "explicit_wins_vs_steering": 66,
      "steering_wins": 72,
      "ties_steer_expl": 222
    }
  }
}