{
  "win_rates": {
    "de": {
      "explicit": 0.2222222222222222,
      "implicit": 0.1111111111111111
    },
    "tr": {
      "explicit": 0.8181818181818182,
      "implicit": 0.07792207792207792
    },
    "ru": {
      "explicit": 0.3869047619047619,
      "implicit": 0.25
    },
    "fr": {
      "explicit": 0.27350427350427353,
      "implicit": 0.15384615384615385
    },
    "bn": {
      "explicit": 0.5862068965517241,
      "implicit": 0.27586206896551724
    },
    "en": {
      "explicit": 0.2192513368983957,
      "implicit": 0.0962566844919786
    }
  },
  "confidence_intervals": {
    "de": {
      "explicit": [
        0.05555555555555555,
        0.4444444444444444
      ],
      "implicit": [
        0.0,
        0.2777777777777778
      ]
    },
    "tr": {
      "explicit": [
        0.7272727272727273,
        0.9090909090909091
      ],
      "implicit": [
        0.025974025974025976,
        0.14285714285714285
      ]
    },
    "ru": {
      "explicit": [
        0.30952380952380953,
        0.4583333333333333
      ],
      "implicit": [
        0.17857142857142858,
        0.31547619047619047
      ]
    },
    "fr": {
      "explicit": [
        0.2049145299145299,
        0.3504273504273504
      ],
      "implicit": [
        0.09401709401709402,
        0.2222222222222222
      ]
    },
    "bn": {
      "explicit": [
        0.41379310344827586,
        0.7586206896551724
      ],
      "implicit": [
        0.13793103448275862,
        0.4482758620689655
      ]
    },
    "en": {
      "explicit": [
        0.1657754010695187,
        0.27807486631016043
      ],
      "implicit": [
        0.058823529411764705,
        0.13903743315508021
      ]
    }
  },
  "counts": {
    "de": {
      "explicit_wins": 4,
      "implicit_wins": 2,
      "ties_impl_expl": 12,
      "neither_impl_expl": 342
    },
    "tr": {
      "explicit_wins": 63,
      "implicit_wins": 6,
      "ties_impl_expl": 8,
      "neither_impl_expl": 283
    },
    "ru": {
      "explicit_wins": 65,
      "implicit_wins": 42,
      "ties_impl_expl": 61,
      "neither_impl_expl": 192
    },
    "fr": {
      "explicit_wins": 32,
      "implicit_wins": 18,
      "ties_impl_expl": 67,
      "neither_impl_expl": 243
    },
    "bn": {
      "explicit_wins": 17,
      "implicit_wins": 8,
      "ties_impl_expl": 4,
      "neither_impl_expl": 331
    },
    "en": {
      "explicit_wins": 41,
      "implicit_wins": 18,
      "ties_impl_expl": 128,
      "neither_impl_expl": 173
    }
  }
}