{
  "win_rates": {
    "de": {
      "explicit": 0.6153846153846154,
      "implicit": 0.32051282051282054
    },
    "tr": {
      "explicit": 0.9545454545454546,
      "implicit": 0.03636363636363636
    },
    "ru": {
      "explicit": 0.8734177215189873,
      "implicit": 0.08860759493670886
    },
    "fr": {
      "explicit": 0.7203389830508474,
      "implicit": 0.23728813559322035
    },
    "bn": {
      "explicit": 0.8831168831168831,
      "implicit": 0.05194805194805195
    },
    "en": {
      "explicit": 0.9736842105263158,
      "implicit": 0.021052631578947368
    }
  },
  "confidence_intervals": {
    "de": {
      "explicit": [
        0.5128205128205128,
        0.717948717948718
      ],
      "implicit": [
        0.21794871794871795,
        0.4230769230769231
      ]
    },
    "tr": {
      "explicit": [
        0.9090909090909091,
        0.990909090909091
      ],
      "implicit": [
        0.0,
        0.07272727272727272
      ]
    },
    "ru": {
      "explicit": [
        0.7974683544303798,
        0.9367088607594937
      ],
      "implicit": [
        0.02531645569620253,
        0.1518987341772152
      ]
    },
    "fr": {
      "explicit": [
        0.6440677966101694,
        0.7966101694915254
      ],
      "implicit": [
        0.16101694915254236,
        0.3135593220338983
      ]
    },
    "bn": {
      "explicit": [
        0.8051948051948052,
        0.948051948051948
      ],
      "implicit": [
        0.012987012987012988,
        0.1038961038961039
      ]
    },
    "en": {
      "explicit": [
        0.9473684210526315,
        0.9947368421052631
      ],
      "implicit": [
        0.005263157894736842,
        0.042105263157894736
      ]
    }
  },
  "counts": {
    "de": {
      "explicit_wins": 48,
      "implicit_wins": 25,
      "ties_impl_expl": 5,
      "neither_impl_expl": 282
    },
    "tr": {
      "explicit_wins": 105,
      "implicit_wins": 4,
      "ties_impl_expl": 1,
      "neither_impl_expl": 250
    },
    "ru": {
      "explicit_wins": 69,
      "implicit_wins": 7,
      "ties_impl_expl": 3,
      "neither_impl_expl": 281
    },
    "fr": {
      "explicit_wins": 85,
      "implicit_wins": 28,
      "ties_impl_expl": 5,
      "neither_impl_expl": 242
    },
    "bn": {
      "explicit_wins": 68,
      "implicit_wins": 4,
      "ties_impl_expl": 5,
      "neither_impl_expl": 283
    },
    "en": {
      "explicit_wins": 185,
      "implicit_wins": 4,
      "ties_impl_expl": 1,
      "neither_impl_expl": 170
    }
  }
}