{
  "win_rates": {
    "tr": {
      "explicit": 0.26944444444444443,
      "steering": 0.7055555555555556
    },
    "ru": {
      "explicit": 0.26944444444444443,
      "steering": 0.6666666666666666
    },
    "bn": {
      "explicit": 0.10833333333333334,
      "steering": 0.8861111111111111
    },
    "en": {
      "explicit": 0.2833333333333333,
      "steering": 0.5083333333333333
    },
    "fr": {
      "explicit": 0.3611111111111111,
      "steering": 0.49166666666666664
    }
  },
  "confidence_intervals": {
    "tr": {
      "explicit": [
        0.225,
        0.31666666666666665
      ],
      "steering": [
        0.6611111111111111,
        0.75
      ]
    },
    "ru": {
      "explicit": [
        0.225,
        0.3138888888888889
      ],
      "steering": [
        0.619375,
        0.7194444444444444
      ]
    },
    "bn": {
      "explicit": [
        0.08048611111111112,
        0.14166666666666666
      ],
      "steering": [
        0.85,
        0.9166666666666666
      ]
    },
    "en": {
      "explicit": [
        0.2388888888888889,
        0.3333333333333333
      ],
      "steering": [
        0.45555555555555555,
        0.5555555555555556
      ]
    },
    "fr": {
      "explicit": [
        0.31666666666666665,
        0.4083333333333333
      ],
      "steering": [
        0.4444444444444444,
        0.5416666666666666
      ]
    }
  },
  "counts": {
    "tr": {
      "explicit_wins": 97,
      "steering_wins": 254,
      "ties": 9
    },
    "ru": {
      "explicit_wins": 97,
      "steering_wins": 240,
      "ties": 23
    },
    "bn": {
      "explicit_wins": 39,
      "steering_wins": 319,
      "ties": 2
    },
    "en": {
      "explicit_wins": 102,
      "steering_wins": 183,
      "ties": 75
    },
    "fr": {
      "explicit_wins": 130,
      "steering_wins": 177,
      "ties": 53
    }
  }
}