{
  "win_rates": {
    "en": {
      "explicit": 0.19444444444444445,
      "implicit": 0.025
    }
  },
  "confidence_intervals": {
    "en": {
      "explicit": [
        0.1527777777777778,
        0.23333333333333334
      ],
      "implicit": [
        0.011111111111111112,
        0.041666666666666664
      ]
    }
  },
  "counts": {
    "en": {
      "explicit_wins": 70,
      "implicit_wins": 9,
      "ties_impl_expl": 281
    }
  }
}