{
  "win_rates": {
    "en": {
      "explicit": 0.3472222222222222,
      "implicit": 0.013888888888888888
    }
  },
  "confidence_intervals": {
    "en": {
      "explicit": [
        0.2972222222222222,
        0.39444444444444443
      ],
      "implicit": [
        0.002777777777777778,
        0.027777777777777776
      ]
    }
  },
  "counts": {
    "en": {
      "explicit_wins": 125,
      "implicit_wins": 5,
      "ties_impl_expl": 230
    }
  }
}